stop_frame,all_nouns,all_noun_classes
P02_108_11122.jpg,glass,10
P02_108_11225.jpg,glass,10
P02_108_11755.jpg,glass,10
P02_108_11883.jpg,glass,10
P02_108_11966.jpg,cupboard,3
P02_108_12032.jpg,glass,10
P02_108_12085.jpg,cupboard,3
P02_108_12173.jpg,glass,10
P02_108_12278.jpg,hand,11
P02_108_12564.jpg,bowl,7
P02_108_12670.jpg,lid,6
P02_108_13232.jpg,drawer,8
P02_108_15593.jpg,glass,10
P02_108_15662.jpg,glass,10
P02_108_15800.jpg,glass,10
P02_108_16403.jpg,glass,10
P02_108_16602.jpg,glass,10
P02_108_16723.jpg,glass,10
P02_108_16948.jpg,glass,10
P02_108_17395.jpg,glass,10
P02_108_1838.jpg,cupboard,3
P02_108_17659.jpg,glass,10
P02_108_17852.jpg,glass,10
P02_108_18192.jpg,glass,10
P02_108_18437.jpg,glass,10
P02_108_18700.jpg,glass,10
P02_108_19001.jpg,drawer,8
P02_108_19089.jpg,spoon,1
P02_108_19127.jpg,drawer,8
P02_108_19755.jpg,spoon,1
P02_108_19802.jpg,spoon,1
P02_108_19802.jpg,bowl,7
P02_108_20069.jpg,spoon,1
P02_108_20102.jpg,spoon,1
P02_108_20102.jpg,bowl,7
P02_108_20457.jpg,glass,10
P02_108_20457.jpg,bowl,7
P02_108_20522.jpg,glass,10
P02_108_22190.jpg,bowl,7
P02_108_22190.jpg,spoon,1
P02_108_23176.jpg,bowl,7
P02_108_23176.jpg,spoon,1
P02_108_23307.jpg,spoon,1
P02_108_23386.jpg,spoon,1
P02_108_23619.jpg,hand,11
P02_108_23619.jpg,bowl,7
P02_108_23928.jpg,hand,11
P02_108_24006.jpg,hand,11
P02_108_24006.jpg,bowl,7
P02_108_24534.jpg,dough,25
P02_108_24534.jpg,hand,11
P02_108_24650.jpg,hand,11
P02_108_24758.jpg,hand,11
P02_108_24758.jpg,bowl,7
P02_108_26794.jpg,dough,25
P02_108_27416.jpg,dough,25
P02_108_2296.jpg,cupboard,3
P02_108_27447.jpg,dough,25
P02_108_27447.jpg,bowl,7
P02_108_27589.jpg,bowl,7
P02_108_29028.jpg,dough,25
P02_108_29028.jpg,hand,11
P02_108_29786.jpg,bowl,7
P02_108_29908.jpg,dough,25
P02_108_29908.jpg,hand,11
P02_108_30719.jpg,dough,25
P02_108_30719.jpg,hand,11
P02_108_32057.jpg,bowl,7
P02_108_32382.jpg,tap,0
P02_108_32629.jpg,hand,11
P02_108_33383.jpg,tap,0
P02_108_33542.jpg,hand,11
P02_108_33783.jpg,drawer,8
P02_108_33824.jpg,drawer,8
P02_108_33879.jpg,drawer,8
P02_108_34115.jpg,dough,25
P02_108_2476.jpg,cupboard,3
P02_108_34270.jpg,bowl,7
P02_108_34587.jpg,bowl,7
P02_108_34870.jpg,spoon,1
P02_108_34870.jpg,knife,4
P02_108_35126.jpg,spoon,1
P02_108_35126.jpg,knife,4
P02_108_36197.jpg,cupboard,3
P02_108_36319.jpg,cupboard,3
P02_108_36381.jpg,cupboard,3
P02_108_2624.jpg,cupboard,3
P02_108_37101.jpg,pan,5
P02_108_37186.jpg,pan,5
P02_108_37840.jpg,tap,0
P02_108_38186.jpg,tap,0
P02_108_38205.jpg,sponge,9
P02_108_38266.jpg,sponge,9
P02_108_38359.jpg,sponge,9
P02_108_38994.jpg,pan,5
P02_108_39061.jpg,tap,0
P02_108_39178.jpg,sponge,9
P02_108_39353.jpg,sponge,9
P02_108_39373.jpg,sponge,9
P02_108_39798.jpg,pan,5
P02_108_2757.jpg,cupboard,3
P02_108_39828.jpg,tap,0
P02_108_39881.jpg,sponge,9
P02_108_40012.jpg,sponge,9
P02_108_40546.jpg,pan,5
P02_108_40628.jpg,sponge,9
P02_108_40695.jpg,tap,0
P02_108_41356.jpg,tap,0
P02_108_41480.jpg,pan,5
P02_108_42440.jpg,tap,0
P02_108_42830.jpg,tap,0
P02_108_2935.jpg,cupboard,3
P02_108_43336.jpg,sponge,9
P02_108_43375.jpg,tap,0
P02_108_43403.jpg,sponge,9
P02_108_43433.jpg,tap,0
P02_108_43462.jpg,sponge,9
P02_108_43760.jpg,sponge,9
P02_108_43807.jpg,tap,0
P02_108_44159.jpg,tap,0
P02_108_44251.jpg,spoon,1
P02_108_44292.jpg,sponge,9
P02_108_44378.jpg,spoon,1
P02_108_44420.jpg,sponge,9
P02_108_44460.jpg,tap,0
P02_108_44555.jpg,spoon,1
P02_108_3062.jpg,cupboard,3
P02_108_44596.jpg,tap,0
P02_108_44645.jpg,spoon,1
P02_108_44681.jpg,glass,10
P02_108_44723.jpg,tap,0
P02_108_44786.jpg,glass,10
P02_108_44782.jpg,tap,0
P02_108_44825.jpg,sponge,9
P02_108_45212.jpg,glass,10
P02_108_45239.jpg,sponge,9
P02_108_45288.jpg,tap,0
P02_108_3148.jpg,cupboard,3
P02_108_45516.jpg,glass,10
P02_108_45554.jpg,tap,0
P02_108_45786.jpg,knife,4
P02_108_45786.jpg,spoon,1
P02_108_45819.jpg,sponge,9
P02_108_46003.jpg,spoon,1
P02_108_46324.jpg,knife,4
P02_108_46357.jpg,sponge,9
P02_108_46397.jpg,tap,0
P02_108_46483.jpg,knife,4
P02_108_46514.jpg,knife,4
P02_108_46538.jpg,spoon,1
P02_108_46823.jpg,tap,0
P02_108_46931.jpg,spoon,1
P02_108_47126.jpg,hand,11
P02_108_47515.jpg,sponge,9
P02_108_47835.jpg,tap,0
P02_108_47796.jpg,sponge,9
P02_108_47847.jpg,tap,0
P02_108_47893.jpg,sponge,9
P02_108_48047.jpg,sponge,9
P02_108_48245.jpg,tap,0
P02_108_48334.jpg,hand,11
P02_108_48384.jpg,tap,0
P02_108_48461.jpg,hand,11
P02_108_48606.jpg,hand,11
P02_108_49781.jpg,fridge,12
P02_108_49819.jpg,drawer,8
P02_108_50073.jpg,drawer,8
P02_108_50104.jpg,fridge,12
P02_108_50605.jpg,drawer,8
P02_108_51614.jpg,drawer,8
P02_108_51663.jpg,knife,4
P02_108_51693.jpg,drawer,8
P02_108_52334.jpg,knife,4
P02_108_3915.jpg,cupboard,3
P02_108_4063.jpg,bowl,7
P02_108_4135.jpg,bowl,7
P02_108_57607.jpg,cupboard,3
P02_108_57691.jpg,glass,10
P02_108_57729.jpg,cupboard,3
P02_108_57850.jpg,glass,10
P02_108_4235.jpg,bowl,7
P02_108_58147.jpg,bowl,7
P02_108_58147.jpg,glass,10
P02_108_58246.jpg,tap,0
P02_108_58406.jpg,tap,0
P02_108_58847.jpg,bowl,7
P02_108_58874.jpg,sponge,9
P02_108_58917.jpg,tap,0
P02_108_59050.jpg,bowl,7
P02_108_59118.jpg,tap,0
P02_108_4220.jpg,cupboard,3
P02_108_59263.jpg,bowl,7
P02_108_59477.jpg,tap,0
P02_108_59749.jpg,tap,0
P02_108_59789.jpg,tap,0
P02_108_4403.jpg,bowl,7
P02_108_60473.jpg,tap,0
P02_108_60983.jpg,tap,0
P02_108_61033.jpg,sponge,9
P02_108_61079.jpg,sponge,9
P02_108_61233.jpg,sponge,9
P02_108_4583.jpg,cupboard,3
P02_108_61893.jpg,sponge,9
P02_108_61950.jpg,tap,0
P02_108_62397.jpg,tap,0
P02_108_62617.jpg,sponge,9
P02_108_62663.jpg,tap,0
P02_108_62778.jpg,tap,0
P02_108_4651.jpg,glass,10
P02_108_62829.jpg,tap,0
P02_108_63508.jpg,tap,0
P02_108_63567.jpg,hand,11
P02_108_63592.jpg,tap,0
P02_108_63653.jpg,hand,11
P02_108_63881.jpg,hand,11
P02_108_4681.jpg,cupboard,3
P02_108_4794.jpg,glass,10
P02_108_4794.jpg,bowl,7
P02_108_5019.jpg,glass,10
P02_108_5290.jpg,glass,10
P02_108_5290.jpg,bowl,7
P02_108_5372.jpg,glass,10
P02_108_5372.jpg,bowl,7
P02_108_5596.jpg,glass,10
P02_108_5855.jpg,glass,10
P02_108_5855.jpg,bowl,7
P02_108_5916.jpg,glass,10
P02_108_6884.jpg,hand,11
P02_108_7645.jpg,drawer,8
P02_108_7736.jpg,spoon,1
P02_108_7774.jpg,drawer,8
P02_108_8044.jpg,bowl,7
P02_108_8200.jpg,bowl,7
P02_108_8237.jpg,spoon,1
P02_108_8272.jpg,lid,6
P02_108_8474.jpg,fridge,12
P02_108_8621.jpg,fridge,12
P02_108_8703.jpg,fridge,12
P02_108_9172.jpg,bowl,7
P02_108_9290.jpg,bowl,7
P02_108_9355.jpg,lid,6
P02_108_9800.jpg,drawer,8
P02_108_9873.jpg,spoon,1
P02_108_10146.jpg,spoon,1
P02_108_10162.jpg,spoon,1
P02_108_10162.jpg,bowl,7
P02_108_10227.jpg,spoon,1
P02_108_10649.jpg,tap,0
P02_108_10758.jpg,tap,0
P02_112_247.jpg,drawer,8
P02_112_337.jpg,spoon,1
P02_112_1251.jpg,cupboard,3
P02_112_17870.jpg,plate,2
P02_112_18021.jpg,plate,2
P02_112_18159.jpg,lid,6
P02_112_18341.jpg,plate,2
P02_112_18771.jpg,plate,2
P02_112_20662.jpg,dough,25
P02_112_21538.jpg,plate,2
P02_112_22685.jpg,dough,25
P02_112_23117.jpg,dough,25
P02_112_23643.jpg,dough,25
P02_112_23705.jpg,plate,2
P02_112_23748.jpg,hand,11
P02_112_24710.jpg,dough,25
P02_112_25285.jpg,dough,25
P02_112_25341.jpg,plate,2
P02_112_25375.jpg,hand,11
P02_112_26342.jpg,dough,25
P02_112_1463.jpg,lid,6
P02_112_26895.jpg,dough,25
P02_112_27080.jpg,plate,2
P02_112_27458.jpg,plate,2
P02_112_27478.jpg,hand,11
P02_112_28400.jpg,dough,25
P02_112_28863.jpg,dough,25
P02_112_2179.jpg,spoon,1
P02_112_28912.jpg,plate,2
P02_112_28964.jpg,hand,11
P02_112_29804.jpg,dough,25
P02_112_30502.jpg,dough,25
P02_112_30536.jpg,plate,2
P02_112_30573.jpg,hand,11
P02_112_31427.jpg,dough,25
P02_112_31826.jpg,dough,25
P02_112_31891.jpg,plate,2
P02_112_31919.jpg,hand,11
P02_112_32475.jpg,dough,25
P02_112_2339.jpg,spoon,1
P02_112_2339.jpg,pan,5
P02_112_33084.jpg,dough,25
P02_112_33543.jpg,dough,25
P02_112_33598.jpg,plate,2
P02_112_33612.jpg,hand,11
P02_112_34360.jpg,dough,25
P02_112_2375.jpg,lid,6
P02_112_35186.jpg,dough,25
P02_112_35242.jpg,hand,11
P02_112_35798.jpg,dough,25
P02_112_36236.jpg,dough,25
P02_112_36261.jpg,plate,2
P02_112_36317.jpg,hand,11
P02_112_37194.jpg,dough,25
P02_112_37698.jpg,dough,25
P02_112_37752.jpg,plate,2
P02_112_37789.jpg,hand,11
P02_112_38567.jpg,dough,25
P02_112_39003.jpg,dough,25
P02_112_39047.jpg,plate,2
P02_112_39072.jpg,hand,11
P02_112_39937.jpg,dough,25
P02_112_40582.jpg,dough,25
P02_112_40643.jpg,hand,11
P02_112_41382.jpg,dough,25
P02_112_368.jpg,drawer,8
P02_112_2729.jpg,drawer,8
P02_112_42198.jpg,dough,25
P02_112_42274.jpg,plate,2
P02_112_42298.jpg,hand,11
P02_112_43196.jpg,dough,25
P02_112_43927.jpg,hand,11
P02_112_44399.jpg,dough,25
P02_112_2797.jpg,spoon,1
P02_112_44713.jpg,dough,25
P02_112_45063.jpg,bowl,7
P02_112_45114.jpg,hand,11
P02_112_45793.jpg,hand,11
P02_112_46152.jpg,bowl,7
P02_112_46225.jpg,bowl,7
P02_112_46440.jpg,pan,5
P02_112_46461.jpg,pan,5
P02_112_2846.jpg,drawer,8
P02_112_46656.jpg,meat,28
P02_112_46656.jpg,pan,5
P02_112_46793.jpg,meat,28
P02_112_46828.jpg,meat,28
P02_112_46828.jpg,pan,5
P02_112_46992.jpg,meat,28
P02_112_46992.jpg,dough,25
P02_112_47010.jpg,meat,28
P02_112_47010.jpg,pan,5
P02_112_47080.jpg,meat,28
P02_112_47080.jpg,dough,25
P02_112_47127.jpg,meat,28
P02_112_47127.jpg,pan,5
P02_112_47235.jpg,meat,28
P02_112_47235.jpg,dough,25
P02_112_47312.jpg,meat,28
P02_112_47312.jpg,pan,5
P02_112_47477.jpg,meat,28
P02_112_47477.jpg,dough,25
P02_112_47527.jpg,meat,28
P02_112_47527.jpg,pan,5
P02_112_47646.jpg,meat,28
P02_112_47646.jpg,dough,25
P02_112_47824.jpg,meat,28
P02_112_47824.jpg,pan,5
P02_112_48044.jpg,meat,28
P02_112_48044.jpg,dough,25
P02_112_48093.jpg,meat,28
P02_112_48093.jpg,pan,5
P02_112_48225.jpg,meat,28
P02_112_48225.jpg,dough,25
P02_112_48335.jpg,meat,28
P02_112_48335.jpg,pan,5
P02_112_48467.jpg,meat,28
P02_112_48467.jpg,dough,25
P02_112_48686.jpg,meat,28
P02_112_48686.jpg,pan,5
P02_112_48821.jpg,meat,28
P02_112_48821.jpg,dough,25
P02_112_48898.jpg,meat,28
P02_112_48898.jpg,pan,5
P02_112_49079.jpg,meat,28
P02_112_49079.jpg,dough,25
P02_112_49174.jpg,meat,28
P02_112_49174.jpg,pan,5
P02_112_49344.jpg,meat,28
P02_112_49344.jpg,dough,25
P02_112_49387.jpg,meat,28
P02_112_49387.jpg,pan,5
P02_112_49523.jpg,meat,28
P02_112_49523.jpg,dough,25
P02_112_49598.jpg,meat,28
P02_112_49598.jpg,pan,5
P02_112_49770.jpg,meat,28
P02_112_49770.jpg,dough,25
P02_112_49824.jpg,meat,28
P02_112_49824.jpg,pan,5
P02_112_49884.jpg,meat,28
P02_112_49884.jpg,dough,25
P02_112_50015.jpg,meat,28
P02_112_50015.jpg,pan,5
P02_112_50096.jpg,meat,28
P02_112_50096.jpg,dough,25
P02_112_50162.jpg,dough,25
P02_112_50290.jpg,meat,28
P02_112_50290.jpg,pan,5
P02_112_50416.jpg,meat,28
P02_112_50416.jpg,dough,25
P02_112_50527.jpg,meat,28
P02_112_50527.jpg,pan,5
P02_112_50706.jpg,meat,28
P02_112_50706.jpg,dough,25
P02_112_50789.jpg,meat,28
P02_112_50789.jpg,pan,5
P02_112_50906.jpg,meat,28
P02_112_50906.jpg,dough,25
P02_112_51961.jpg,meat,28
P02_112_51961.jpg,pan,5
P02_112_52082.jpg,meat,28
P02_112_52082.jpg,dough,25
P02_112_52191.jpg,meat,28
P02_112_52191.jpg,pan,5
P02_112_52400.jpg,meat,28
P02_112_52400.jpg,dough,25
P02_112_52605.jpg,meat,28
P02_112_52605.jpg,pan,5
P02_112_52661.jpg,meat,28
P02_112_52661.jpg,dough,25
P02_112_52741.jpg,meat,28
P02_112_52741.jpg,pan,5
P02_112_52829.jpg,meat,28
P02_112_52829.jpg,dough,25
P02_112_52979.jpg,meat,28
P02_112_52979.jpg,pan,5
P02_112_53127.jpg,meat,28
P02_112_53127.jpg,dough,25
P02_112_53205.jpg,meat,28
P02_112_53205.jpg,pan,5
P02_112_53326.jpg,meat,28
P02_112_53326.jpg,dough,25
P02_112_53454.jpg,meat,28
P02_112_53454.jpg,pan,5
P02_112_53599.jpg,meat,28
P02_112_53599.jpg,dough,25
P02_112_53658.jpg,meat,28
P02_112_53658.jpg,pan,5
P02_112_53843.jpg,meat,28
P02_112_53843.jpg,dough,25
P02_112_53936.jpg,meat,28
P02_112_53936.jpg,pan,5
P02_112_54138.jpg,meat,28
P02_112_54138.jpg,dough,25
P02_112_54235.jpg,meat,28
P02_112_54235.jpg,pan,5
P02_112_54346.jpg,meat,28
P02_112_54346.jpg,dough,25
P02_112_54390.jpg,meat,28
P02_112_54390.jpg,pan,5
P02_112_54464.jpg,meat,28
P02_112_54464.jpg,dough,25
P02_112_54554.jpg,meat,28
P02_112_54554.jpg,pan,5
P02_112_54779.jpg,meat,28
P02_112_54779.jpg,dough,25
P02_112_54854.jpg,meat,28
P02_112_54854.jpg,pan,5
P02_112_54760.jpg,meat,28
P02_112_54760.jpg,dough,25
P02_112_3758.jpg,spoon,1
P02_112_3758.jpg,pan,5
P02_112_54846.jpg,meat,28
P02_112_54846.jpg,pan,5
P02_112_54906.jpg,meat,28
P02_112_54906.jpg,dough,25
P02_112_55128.jpg,meat,28
P02_112_55128.jpg,pan,5
P02_112_55208.jpg,meat,28
P02_112_55208.jpg,dough,25
P02_112_55621.jpg,pan,5
P02_112_55683.jpg,pan,5
P02_112_55709.jpg,meat,28
P02_112_55709.jpg,pan,5
P02_112_55758.jpg,meat,28
P02_112_55758.jpg,dough,25
P02_112_55899.jpg,meat,28
P02_112_55899.jpg,pan,5
P02_112_55852.jpg,meat,28
P02_112_55852.jpg,dough,25
P02_112_437.jpg,fridge,12
P02_112_56116.jpg,meat,28
P02_112_56116.jpg,pan,5
P02_112_56198.jpg,meat,28
P02_112_56198.jpg,dough,25
P02_112_56109.jpg,meat,28
P02_112_56109.jpg,pan,5
P02_112_56187.jpg,meat,28
P02_112_56187.jpg,dough,25
P02_112_56302.jpg,meat,28
P02_112_56302.jpg,pan,5
P02_112_57009.jpg,meat,28
P02_112_57009.jpg,dough,25
P02_112_56817.jpg,meat,28
P02_112_56817.jpg,pan,5
P02_112_57319.jpg,meat,28
P02_112_57319.jpg,dough,25
P02_112_57082.jpg,meat,28
P02_112_57082.jpg,pan,5
P02_112_57619.jpg,meat,28
P02_112_57619.jpg,dough,25
P02_112_4037.jpg,spoon,1
P02_112_57697.jpg,meat,28
P02_112_57697.jpg,pan,5
P02_112_57827.jpg,meat,28
P02_112_57827.jpg,dough,25
P02_112_57927.jpg,meat,28
P02_112_57927.jpg,pan,5
P02_112_58095.jpg,meat,28
P02_112_58095.jpg,dough,25
P02_112_58207.jpg,meat,28
P02_112_58207.jpg,pan,5
P02_112_58425.jpg,meat,28
P02_112_58425.jpg,dough,25
P02_112_58618.jpg,meat,28
P02_112_58618.jpg,pan,5
P02_112_58698.jpg,meat,28
P02_112_58905.jpg,pan,5
P02_112_4219.jpg,spoon,1
P02_112_4282.jpg,pan,5
P02_112_5120.jpg,meat,28
P02_112_5282.jpg,spoon,1
P02_112_5411.jpg,lid,6
P02_112_5835.jpg,spoon,1
P02_112_5835.jpg,pan,5
P02_112_5896.jpg,spoon,1
P02_112_5935.jpg,lid,6
P02_112_6037.jpg,pan,5
P02_112_6525.jpg,meat,28
P02_112_6613.jpg,cupboard,3
P02_112_696.jpg,fridge,12
P02_112_7045.jpg,lid,6
P02_112_7100.jpg,lid,6
P02_112_7100.jpg,pan,5
P02_112_7248.jpg,pan,5
P02_112_7968.jpg,meat,28
P02_112_8154.jpg,lid,6
P02_112_8184.jpg,lid,6
P02_112_8184.jpg,pan,5
P02_112_8341.jpg,pan,5
P02_112_8969.jpg,meat,28
P02_112_9178.jpg,meat,28
P02_112_9361.jpg,spoon,1
P02_112_9428.jpg,lid,6
P02_112_9730.jpg,cupboard,3
P02_112_915.jpg,cupboard,3
P02_112_12007.jpg,hand,11
P02_112_15172.jpg,bowl,7
P02_112_15893.jpg,dough,25
P02_112_17664.jpg,cupboard,3
P02_129_307.jpg,lid,6
P02_129_11213.jpg,pan,5
P02_129_11759.jpg,lid,6
P02_129_11816.jpg,pan,5
P02_129_11816.jpg,lid,6
P02_129_12073.jpg,cupboard,3
P02_129_12238.jpg,cupboard,3
P02_129_12333.jpg,cupboard,3
P02_129_12501.jpg,cupboard,3
P02_129_12807.jpg,cupboard,3
P02_129_13095.jpg,cupboard,3
P02_129_1197.jpg,pan,5
P02_129_13349.jpg,cupboard,3
P02_129_13543.jpg,cupboard,3
P02_129_13706.jpg,lid,6
P02_129_13776.jpg,lid,6
P02_129_14006.jpg,plate,2
P02_129_14110.jpg,cupboard,3
P02_129_14218.jpg,plate,2
P02_129_14218.jpg,cupboard,3
P02_129_14485.jpg,fridge,12
P02_129_14571.jpg,fridge,12
P02_129_1352.jpg,pan,5
P02_129_14617.jpg,fridge,12
P02_129_15060.jpg,lid,6
P02_129_15107.jpg,pan,5
P02_129_15167.jpg,cupboard,3
P02_129_15466.jpg,pan,5
P02_129_15466.jpg,cupboard,3
P02_129_15533.jpg,cupboard,3
P02_129_1433.jpg,pan,5
P02_129_15783.jpg,fridge,12
P02_129_15894.jpg,fridge,12
P02_129_16130.jpg,drawer,8
P02_129_16183.jpg,spoon,1
P02_129_16543.jpg,lid,6
P02_129_1493.jpg,cupboard,3
P02_129_17010.jpg,spoon,1
P02_129_17136.jpg,lid,6
P02_129_17158.jpg,spoon,1
P02_129_17228.jpg,spoon,1
P02_129_17337.jpg,spoon,1
P02_129_17337.jpg,pan,5
P02_129_17765.jpg,pan,5
P02_129_17847.jpg,spoon,1
P02_129_17878.jpg,lid,6
P02_129_18139.jpg,fridge,12
P02_129_18210.jpg,fridge,12
P02_129_18291.jpg,fridge,12
P02_129_18449.jpg,tap,0
P02_129_18513.jpg,hand,11
P02_129_18569.jpg,tap,0
P02_129_1652.jpg,cupboard,3
P02_129_18632.jpg,hand,11
P02_129_18667.jpg,spoon,1
P02_129_19201.jpg,pan,5
P02_129_19252.jpg,spoon,1
P02_129_19500.jpg,cupboard,3
P02_129_19717.jpg,cupboard,3
P02_129_19755.jpg,cupboard,3
P02_129_19905.jpg,glass,10
P02_129_19981.jpg,cupboard,3
P02_129_20025.jpg,glass,10
P02_129_20025.jpg,cupboard,3
P02_129_20107.jpg,glass,10
P02_129_20159.jpg,glass,10
P02_129_20159.jpg,cupboard,3
P02_129_21339.jpg,cupboard,3
P02_129_21401.jpg,cupboard,3
P02_129_21448.jpg,cupboard,3
P02_129_21536.jpg,plate,2
P02_129_21647.jpg,plate,2
P02_129_21647.jpg,cupboard,3
P02_129_21720.jpg,plate,2
P02_129_21720.jpg,cupboard,3
P02_129_21862.jpg,spoon,1
P02_129_325.jpg,pan,5
P02_129_22251.jpg,pan,5
P02_129_22364.jpg,spoon,1
P02_129_22611.jpg,drawer,8
P02_129_22664.jpg,spoon,1
P02_129_22664.jpg,drawer,8
P02_129_22703.jpg,knife,4
P02_129_22703.jpg,drawer,8
P02_129_22745.jpg,drawer,8
P02_129_2030.jpg,pan,5
P02_129_23249.jpg,sponge,9
P02_129_23302.jpg,tap,0
P02_129_23339.jpg,sponge,9
P02_129_23361.jpg,tap,0
P02_129_23405.jpg,sponge,9
P02_129_23473.jpg,sponge,9
P02_129_23553.jpg,spoon,1
P02_129_23681.jpg,spoon,1
P02_129_23714.jpg,sponge,9
P02_129_23761.jpg,tap,0
P02_129_23914.jpg,spoon,1
P02_129_23929.jpg,tap,0
P02_129_23980.jpg,spoon,1
P02_129_24006.jpg,plate,2
P02_129_24024.jpg,sponge,9
P02_129_24191.jpg,plate,2
P02_129_24232.jpg,sponge,9
P02_129_24264.jpg,tap,0
P02_129_24501.jpg,plate,2
P02_129_24535.jpg,tap,0
P02_129_24609.jpg,plate,2
P02_129_24619.jpg,sponge,9
P02_129_25087.jpg,sponge,9
P02_129_25147.jpg,tap,0
P02_129_25292.jpg,tap,0
P02_129_25437.jpg,sponge,9
P02_129_25512.jpg,sponge,9
P02_129_25575.jpg,sponge,9
P02_129_25752.jpg,spoon,1
P02_129_26236.jpg,pan,5
P02_129_26398.jpg,spoon,1
P02_129_26824.jpg,sponge,9
P02_129_26826.jpg,knife,4
P02_129_26966.jpg,knife,4
P02_129_26999.jpg,knife,4
P02_129_27107.jpg,knife,4
P02_129_27176.jpg,knife,4
P02_129_27310.jpg,knife,4
P02_129_2558.jpg,pan,5
P02_129_27348.jpg,knife,4
P02_129_27480.jpg,knife,4
P02_129_27552.jpg,knife,4
P02_129_27709.jpg,knife,4
P02_129_27756.jpg,knife,4
P02_129_27944.jpg,knife,4
P02_129_27980.jpg,sponge,9
P02_129_28033.jpg,tap,0
P02_129_28464.jpg,knife,4
P02_129_28522.jpg,tap,0
P02_129_28689.jpg,knife,4
P02_129_28709.jpg,sponge,9
P02_129_29074.jpg,sponge,9
P02_129_29124.jpg,tap,0
P02_129_29337.jpg,tap,0
P02_129_29383.jpg,spoon,1
P02_129_29382.jpg,sponge,9
P02_129_29545.jpg,spoon,1
P02_129_29564.jpg,spoon,1
P02_129_29719.jpg,spoon,1
P02_129_29751.jpg,spoon,1
P02_129_29824.jpg,spoon,1
P02_129_30127.jpg,knife,4
P02_129_30288.jpg,knife,4
P02_129_30504.jpg,fork,14
P02_129_30651.jpg,fork,14
P02_129_30693.jpg,sponge,9
P02_129_30741.jpg,tap,0
P02_129_30859.jpg,fork,14
P02_129_30877.jpg,fork,14
P02_129_30956.jpg,knife,4
P02_129_31018.jpg,knife,4
P02_129_31086.jpg,spoon,1
P02_129_31120.jpg,spoon,1
P02_129_31183.jpg,spoon,1
P02_129_31233.jpg,spoon,1
P02_129_392.jpg,pan,5
P02_129_3229.jpg,knife,4
P02_129_31276.jpg,spoon,1
P02_129_31320.jpg,tap,0
P02_129_31374.jpg,spoon,1
P02_129_32126.jpg,sponge,9
P02_129_32430.jpg,sponge,9
P02_129_32492.jpg,tap,0
P02_129_32699.jpg,tap,0
P02_129_32818.jpg,spoon,1
P02_129_32883.jpg,sponge,9
P02_129_33027.jpg,spoon,1
P02_129_33062.jpg,fork,14
P02_129_33192.jpg,fork,14
P02_129_33226.jpg,spoon,1
P02_129_33352.jpg,spoon,1
P02_129_33375.jpg,sponge,9
P02_129_4149.jpg,knife,4
P02_129_33449.jpg,tap,0
P02_129_33518.jpg,spoon,1
P02_129_33555.jpg,spoon,1
P02_129_33626.jpg,fork,14
P02_129_33670.jpg,fork,14
P02_129_33671.jpg,spoon,1
P02_129_33700.jpg,tap,0
P02_129_33745.jpg,spoon,1
P02_129_33776.jpg,sponge,9
P02_129_33858.jpg,sponge,9
P02_129_34018.jpg,spoon,1
P02_129_34133.jpg,spoon,1
P02_129_34189.jpg,spoon,1
P02_129_34315.jpg,spoon,1
P02_129_34365.jpg,spoon,1
P02_129_34552.jpg,spoon,1
P02_129_34720.jpg,sponge,9
P02_129_34775.jpg,tap,0
P02_129_34973.jpg,spoon,1
P02_129_35019.jpg,tap,0
P02_129_35089.jpg,spoon,1
P02_129_35304.jpg,spoon,1
P02_129_35844.jpg,pan,5
P02_129_35909.jpg,spoon,1
P02_129_36344.jpg,tap,0
P02_129_37202.jpg,tap,0
P02_129_4589.jpg,drawer,8
P02_129_38884.jpg,sponge,9
P02_129_39764.jpg,tap,0
P02_129_40007.jpg,tap,0
P02_129_40259.jpg,spoon,1
P02_129_40821.jpg,pan,5
P02_129_40891.jpg,spoon,1
P02_129_41054.jpg,cupboard,3
P02_129_41261.jpg,cupboard,3
P02_129_41541.jpg,cupboard,3
P02_129_42228.jpg,cupboard,3
P02_129_42312.jpg,cupboard,3
P02_129_42624.jpg,cupboard,3
P02_129_42724.jpg,cupboard,3
P02_129_43951.jpg,cupboard,3
P02_129_44038.jpg,cupboard,3
P02_129_4953.jpg,knife,4
P02_129_5030.jpg,pan,5
P02_129_5030.jpg,knife,4
P02_129_49097.jpg,spoon,1
P02_129_49358.jpg,pan,5
P02_129_49404.jpg,spoon,1
P02_129_50957.jpg,cupboard,3
P02_129_51091.jpg,plate,2
P02_129_51217.jpg,plate,2
P02_129_51442.jpg,fridge,12
P02_129_51529.jpg,fridge,12
P02_129_51583.jpg,drawer,8
P02_129_51646.jpg,fork,14
P02_129_51925.jpg,pan,5
P02_129_5251.jpg,pan,5
P02_129_5251.jpg,knife,4
P02_129_52273.jpg,pan,5
P02_129_52273.jpg,plate,2
P02_129_52598.jpg,pan,5
P02_129_52666.jpg,fork,14
P02_129_52666.jpg,plate,2
P02_129_52727.jpg,cupboard,3
P02_129_52828.jpg,cupboard,3
P02_129_5380.jpg,knife,4
P02_129_5440.jpg,knife,4
P02_129_55321.jpg,fridge,12
P02_129_55345.jpg,fridge,12
P02_129_55372.jpg,fridge,12
P02_129_55594.jpg,plate,2
P02_129_5832.jpg,pan,5
P02_129_6172.jpg,fridge,12
P02_129_6400.jpg,fridge,12
P02_129_610.jpg,tap,0
P02_129_7256.jpg,hand,11
P02_129_7332.jpg,hand,11
P02_129_7481.jpg,tap,0
P02_129_7721.jpg,tap,0
P02_129_7872.jpg,hand,11
P02_129_8147.jpg,knife,4
P02_129_849.jpg,tap,0
P02_129_9458.jpg,pan,5
P02_129_9458.jpg,knife,4
P02_129_9563.jpg,knife,4
P02_129_9965.jpg,pan,5
P02_129_10130.jpg,lid,6
P02_129_10552.jpg,lid,6
P02_129_10624.jpg,lid,6
P02_129_10709.jpg,lid,6
P02_129_10709.jpg,pan,5
P04_107_49.jpg,pan,5
P04_107_1106.jpg,dough,25
P04_107_1106.jpg,bowl,7
P04_107_12856.jpg,drawer,8
P04_107_12937.jpg,drawer,8
P04_107_13138.jpg,dough,25
P04_107_13204.jpg,dough,25
P04_107_1265.jpg,dough,25
P04_107_13377.jpg,hand,11
P04_107_13525.jpg,dough,25
P04_107_14421.jpg,drawer,8
P04_107_14654.jpg,cupboard,3
P04_107_1614.jpg,dough,25
P04_107_15080.jpg,drawer,8
P04_107_15357.jpg,drawer,8
P04_107_1752.jpg,dough,25
P04_107_15527.jpg,knife,4
P04_107_15625.jpg,dough,25
P04_107_15702.jpg,dough,25
P04_107_15775.jpg,dough,25
P04_107_15865.jpg,dough,25
P04_107_16070.jpg,dough,25
P04_107_16130.jpg,dough,25
P04_107_16402.jpg,dough,25
P04_107_1964.jpg,knife,4
P04_107_16494.jpg,dough,25
P04_107_16511.jpg,dough,25
P04_107_16750.jpg,dough,25
P04_107_16831.jpg,dough,25
P04_107_16919.jpg,dough,25
P04_107_17120.jpg,dough,25
P04_107_17358.jpg,dough,25
P04_107_2459.jpg,dough,25
P04_107_17606.jpg,dough,25
P04_107_17685.jpg,dough,25
P04_107_17765.jpg,dough,25
P04_107_17917.jpg,dough,25
P04_107_17945.jpg,dough,25
P04_107_18180.jpg,dough,25
P04_107_2632.jpg,dough,25
P04_107_18306.jpg,dough,25
P04_107_2720.jpg,dough,25
P04_107_2720.jpg,dough,25
P04_107_19160.jpg,dough,25
P04_107_19160.jpg,hand,11
P04_107_19314.jpg,dough,25
P04_107_19314.jpg,hand,11
P04_107_19323.jpg,dough,25
P04_107_19361.jpg,dough,25
P04_107_19404.jpg,dough,25
P04_107_19450.jpg,dough,25
P04_107_19477.jpg,dough,25
P04_107_19595.jpg,dough,25
P04_107_19630.jpg,dough,25
P04_107_2803.jpg,dough,25
P04_107_19600.jpg,dough,25
P04_107_19637.jpg,dough,25
P04_107_19768.jpg,dough,25
P04_107_20117.jpg,dough,25
P04_107_20225.jpg,dough,25
P04_107_20342.jpg,dough,25
P04_107_20341.jpg,dough,25
P04_107_20383.jpg,dough,25
P04_107_20585.jpg,dough,25
P04_107_20712.jpg,dough,25
P04_107_20753.jpg,dough,25
P04_107_20796.jpg,dough,25
P04_107_20971.jpg,dough,25
P04_107_21062.jpg,dough,25
P04_107_21109.jpg,dough,25
P04_107_21121.jpg,dough,25
P04_107_21201.jpg,dough,25
P04_107_21328.jpg,dough,25
P04_107_2880.jpg,dough,25
P04_107_21342.jpg,dough,25
P04_107_21485.jpg,dough,25
P04_107_21528.jpg,dough,25
P04_107_21655.jpg,dough,25
P04_107_21762.jpg,dough,25
P04_107_21792.jpg,dough,25
P04_107_21860.jpg,dough,25
P04_107_21860.jpg,dough,25
P04_107_21891.jpg,dough,25
P04_107_21972.jpg,dough,25
P04_107_22118.jpg,dough,25
P04_107_22245.jpg,dough,25
P04_107_3037.jpg,dough,25
P04_107_22645.jpg,dough,25
P04_107_22691.jpg,dough,25
P04_107_22903.jpg,dough,25
P04_107_22941.jpg,dough,25
P04_107_23038.jpg,dough,25
P04_107_23121.jpg,dough,25
P04_107_23353.jpg,dough,25
P04_107_23404.jpg,dough,25
P04_107_23498.jpg,dough,25
P04_107_3404.jpg,dough,25
P04_107_23745.jpg,dough,25
P04_107_23851.jpg,dough,25
P04_107_23909.jpg,dough,25
P04_107_24052.jpg,dough,25
P04_107_24125.jpg,dough,25
P04_107_24202.jpg,dough,25
P04_107_24264.jpg,dough,25
P04_107_24319.jpg,dough,25
P04_107_3784.jpg,dough,25
P04_107_24622.jpg,dough,25
P04_107_24818.jpg,dough,25
P04_107_24957.jpg,dough,25
P04_107_25007.jpg,dough,25
P04_107_25041.jpg,dough,25
P04_107_25128.jpg,dough,25
P04_107_25370.jpg,dough,25
P04_107_25620.jpg,dough,25
P04_107_25730.jpg,bowl,7
P04_107_25800.jpg,bowl,7
P04_107_26121.jpg,dough,25
P04_107_3895.jpg,dough,25
P04_107_26665.jpg,dough,25
P04_107_26676.jpg,dough,25
P04_107_26781.jpg,dough,25
P04_107_26870.jpg,dough,25
P04_107_27012.jpg,dough,25
P04_107_27110.jpg,dough,25
P04_107_27172.jpg,dough,25
P04_107_27195.jpg,dough,25
P04_107_27382.jpg,dough,25
P04_107_3910.jpg,dough,25
P04_107_27378.jpg,dough,25
P04_107_27647.jpg,dough,25
P04_107_27687.jpg,dough,25
P04_107_3970.jpg,dough,25
P04_107_27814.jpg,dough,25
P04_107_27883.jpg,dough,25
P04_107_27919.jpg,dough,25
P04_107_27983.jpg,dough,25
P04_107_28016.jpg,dough,25
P04_107_28097.jpg,dough,25
P04_107_28295.jpg,dough,25
P04_107_3908.jpg,dough,25
P04_107_3930.jpg,dough,25
P04_107_4013.jpg,dough,25
P04_107_29633.jpg,dough,25
P04_107_29728.jpg,dough,25
P04_107_29786.jpg,dough,25
P04_107_29815.jpg,dough,25
P04_107_29955.jpg,dough,25
P04_107_30052.jpg,dough,25
P04_107_30301.jpg,dough,25
P04_107_30409.jpg,dough,25
P04_107_4065.jpg,dough,25
P04_107_30646.jpg,dough,25
P04_107_30734.jpg,dough,25
P04_107_30939.jpg,dough,25
P04_107_31044.jpg,dough,25
P04_107_31301.jpg,dough,25
P04_107_31450.jpg,dough,25
P04_107_31549.jpg,dough,25
P04_107_31636.jpg,dough,25
P04_107_4115.jpg,dough,25
P04_107_31635.jpg,dough,25
P04_107_31667.jpg,dough,25
P04_107_31707.jpg,dough,25
P04_107_31945.jpg,dough,25
P04_107_32360.jpg,dough,25
P04_107_4140.jpg,dough,25
P04_107_32413.jpg,spoon,1
P04_107_32662.jpg,dough,25
P04_107_32722.jpg,dough,25
P04_107_33109.jpg,dough,25
P04_107_33165.jpg,dough,25
P04_107_33179.jpg,dough,25
P04_107_33402.jpg,dough,25
P04_107_33544.jpg,dough,25
P04_107_33609.jpg,dough,25
P04_107_4197.jpg,dough,25
P04_107_33707.jpg,dough,25
P04_107_33798.jpg,dough,25
P04_107_33906.jpg,dough,25
P04_107_33974.jpg,dough,25
P04_107_34084.jpg,dough,25
P04_107_4336.jpg,dough,25
P04_107_34231.jpg,dough,25
P04_107_34296.jpg,dough,25
P04_107_34374.jpg,dough,25
P04_107_34448.jpg,dough,25
P04_107_34653.jpg,dough,25
P04_107_34679.jpg,dough,25
P04_107_34736.jpg,dough,25
P04_107_4406.jpg,dough,25
P04_107_34910.jpg,dough,25
P04_107_35007.jpg,dough,25
P04_107_4573.jpg,dough,25
P04_107_35987.jpg,dough,25
P04_107_262.jpg,dough,25
P04_107_4602.jpg,knife,4
P04_107_36468.jpg,dough,25
P04_107_36502.jpg,dough,25
P04_107_36607.jpg,dough,25
P04_107_36692.jpg,dough,25
P04_107_36947.jpg,dough,25
P04_107_36983.jpg,dough,25
P04_107_37190.jpg,dough,25
P04_107_37257.jpg,dough,25
P04_107_37367.jpg,dough,25
P04_107_4634.jpg,dough,25
P04_107_37396.jpg,dough,25
P04_107_37466.jpg,dough,25
P04_107_37538.jpg,dough,25
P04_107_37647.jpg,dough,25
P04_107_37798.jpg,dough,25
P04_107_4710.jpg,dough,25
P04_107_38007.jpg,dough,25
P04_107_37998.jpg,dough,25
P04_107_38164.jpg,dough,25
P04_107_38185.jpg,dough,25
P04_107_38488.jpg,dough,25
P04_107_4792.jpg,cupboard,3
P04_107_39033.jpg,dough,25
P04_107_39150.jpg,dough,25
P04_107_4894.jpg,cupboard,3
P04_107_39487.jpg,dough,25
P04_107_39526.jpg,dough,25
P04_107_39572.jpg,dough,25
P04_107_39689.jpg,dough,25
P04_107_39838.jpg,dough,25
P04_107_39991.jpg,dough,25
P04_107_4939.jpg,cupboard,3
P04_107_40203.jpg,dough,25
P04_107_40261.jpg,dough,25
P04_107_40318.jpg,dough,25
P04_107_40454.jpg,dough,25
P04_107_40539.jpg,dough,25
P04_107_40568.jpg,dough,25
P04_107_40711.jpg,dough,25
P04_107_40737.jpg,dough,25
P04_107_40777.jpg,dough,25
P04_107_40827.jpg,dough,25
P04_107_40957.jpg,dough,25
P04_107_41194.jpg,dough,25
P04_107_41454.jpg,pan,5
P04_107_42405.jpg,dough,25
P04_107_42547.jpg,dough,25
P04_107_42593.jpg,dough,25
P04_107_42879.jpg,dough,25
P04_107_42931.jpg,dough,25
P04_107_42992.jpg,dough,25
P04_107_43181.jpg,dough,25
P04_107_43219.jpg,dough,25
P04_107_43487.jpg,dough,25
P04_107_43679.jpg,dough,25
P04_107_43701.jpg,dough,25
P04_107_43883.jpg,dough,25
P04_107_43912.jpg,dough,25
P04_107_43963.jpg,dough,25
P04_107_44012.jpg,dough,25
P04_107_44018.jpg,dough,25
P04_107_44021.jpg,dough,25
P04_107_44072.jpg,dough,25
P04_107_44112.jpg,dough,25
P04_107_44277.jpg,dough,25
P04_107_44481.jpg,dough,25
P04_107_44517.jpg,dough,25
P04_107_44571.jpg,dough,25
P04_107_44745.jpg,dough,25
P04_107_44949.jpg,dough,25
P04_107_45020.jpg,dough,25
P04_107_45176.jpg,dough,25
P04_107_45241.jpg,dough,25
P04_107_45390.jpg,knife,4
P04_107_46077.jpg,dough,25
P04_107_46182.jpg,dough,25
P04_107_46168.jpg,dough,25
P04_107_46248.jpg,dough,25
P04_107_46336.jpg,dough,25
P04_107_46429.jpg,dough,25
P04_107_46513.jpg,dough,25
P04_107_46737.jpg,dough,25
P04_107_46770.jpg,knife,4
P04_107_46784.jpg,dough,25
P04_107_46800.jpg,dough,25
P04_107_46842.jpg,bowl,7
P04_107_46880.jpg,bowl,7
P04_107_46962.jpg,bowl,7
P04_107_46942.jpg,dough,25
P04_107_46960.jpg,dough,25
P04_107_46960.jpg,bowl,7
P04_107_47023.jpg,dough,25
P04_107_47045.jpg,knife,4
P04_107_47144.jpg,dough,25
P04_107_47232.jpg,dough,25
P04_107_47515.jpg,dough,25
P04_107_47542.jpg,dough,25
P04_107_47562.jpg,dough,25
P04_107_47920.jpg,dough,25
P04_107_48013.jpg,dough,25
P04_107_47996.jpg,dough,25
P04_107_48047.jpg,dough,25
P04_107_48036.jpg,dough,25
P04_107_48137.jpg,dough,25
P04_107_7113.jpg,drawer,8
P04_107_48201.jpg,dough,25
P04_107_48407.jpg,dough,25
P04_107_48525.jpg,dough,25
P04_107_48545.jpg,dough,25
P04_107_48565.jpg,dough,25
P04_107_48662.jpg,dough,25
P04_107_48715.jpg,dough,25
P04_107_48746.jpg,dough,25
P04_107_48805.jpg,dough,25
P04_107_48772.jpg,dough,25
P04_107_48787.jpg,dough,25
P04_107_48822.jpg,dough,25
P04_107_48928.jpg,dough,25
P04_107_49086.jpg,dough,25
P04_107_49238.jpg,dough,25
P04_107_49289.jpg,dough,25
P04_107_49321.jpg,dough,25
P04_107_49388.jpg,dough,25
P04_107_49418.jpg,dough,25
P04_107_49592.jpg,dough,25
P04_107_50100.jpg,dough,25
P04_107_50315.jpg,dough,25
P04_107_50304.jpg,dough,25
P04_107_50342.jpg,dough,25
P04_107_50746.jpg,dough,25
P04_107_50793.jpg,dough,25
P04_107_50825.jpg,dough,25
P04_107_50898.jpg,dough,25
P04_107_50969.jpg,dough,25
P04_107_51077.jpg,dough,25
P04_107_51222.jpg,dough,25
P04_107_51333.jpg,dough,25
P04_107_51446.jpg,dough,25
P04_107_51565.jpg,dough,25
P04_107_51673.jpg,dough,25
P04_107_7427.jpg,drawer,8
P04_107_51802.jpg,dough,25
P04_107_51829.jpg,dough,25
P04_107_51901.jpg,dough,25
P04_107_51920.jpg,dough,25
P04_107_52049.jpg,dough,25
P04_107_52565.jpg,dough,25
P04_107_52629.jpg,dough,25
P04_107_52829.jpg,dough,25
P04_107_53027.jpg,dough,25
P04_107_53188.jpg,dough,25
P04_107_53283.jpg,dough,25
P04_107_53295.jpg,dough,25
P04_107_53437.jpg,dough,25
P04_107_53541.jpg,dough,25
P04_107_53572.jpg,dough,25
P04_107_53634.jpg,dough,25
P04_107_53810.jpg,dough,25
P04_107_53822.jpg,dough,25
P04_107_53899.jpg,dough,25
P04_107_53955.jpg,dough,25
P04_107_54107.jpg,dough,25
P04_107_54177.jpg,dough,25
P04_107_54219.jpg,dough,25
P04_107_54150.jpg,dough,25
P04_107_54394.jpg,dough,25
P04_107_54537.jpg,dough,25
P04_107_54558.jpg,dough,25
P04_107_54571.jpg,dough,25
P04_107_54609.jpg,dough,25
P04_107_54640.jpg,dough,25
P04_107_54802.jpg,dough,25
P04_107_54912.jpg,dough,25
P04_107_55191.jpg,dough,25
P04_107_55244.jpg,dough,25
P04_107_55379.jpg,dough,25
P04_107_55562.jpg,dough,25
P04_107_55949.jpg,dough,25
P04_107_56175.jpg,dough,25
P04_107_56190.jpg,dough,25
P04_107_56391.jpg,dough,25
P04_107_56590.jpg,dough,25
P04_107_56615.jpg,dough,25
P04_107_56739.jpg,dough,25
P04_107_56849.jpg,dough,25
P04_107_57043.jpg,dough,25
P04_107_57091.jpg,dough,25
P04_107_57129.jpg,dough,25
P04_107_57263.jpg,dough,25
P04_107_57463.jpg,dough,25
P04_107_57478.jpg,dough,25
P04_107_57502.jpg,dough,25
P04_107_57749.jpg,dough,25
P04_107_57780.jpg,dough,25
P04_107_57725.jpg,dough,25
P04_107_57817.jpg,dough,25
P04_107_58029.jpg,dough,25
P04_107_58371.jpg,dough,25
P04_107_58371.jpg,hand,11
P04_107_58357.jpg,dough,25
P04_107_58514.jpg,dough,25
P04_107_58561.jpg,dough,25
P04_107_59048.jpg,dough,25
P04_107_59110.jpg,dough,25
P04_107_59112.jpg,dough,25
P04_107_59417.jpg,dough,25
P04_107_59484.jpg,dough,25
P04_107_59562.jpg,dough,25
P04_107_59695.jpg,dough,25
P04_107_59895.jpg,dough,25
P04_107_59884.jpg,dough,25
P04_107_59904.jpg,dough,25
P04_107_59952.jpg,dough,25
P04_107_59977.jpg,dough,25
P04_107_60194.jpg,dough,25
P04_107_60491.jpg,dough,25
P04_107_60563.jpg,dough,25
P04_107_60700.jpg,dough,25
P04_107_60827.jpg,dough,25
P04_107_60975.jpg,dough,25
P04_107_61048.jpg,dough,25
P04_107_61247.jpg,dough,25
P04_107_61342.jpg,dough,25
P04_107_61420.jpg,dough,25
P04_107_61349.jpg,dough,25
P04_107_61703.jpg,dough,25
P04_107_61800.jpg,dough,25
P04_107_61821.jpg,dough,25
P04_107_61869.jpg,dough,25
P04_107_61891.jpg,dough,25
P04_107_62030.jpg,dough,25
P04_107_62055.jpg,dough,25
P04_107_62180.jpg,dough,25
P04_107_62299.jpg,dough,25
P04_107_62341.jpg,dough,25
P04_107_62369.jpg,dough,25
P04_107_62468.jpg,dough,25
P04_107_62472.jpg,dough,25
P04_107_62496.jpg,dough,25
P04_107_62527.jpg,dough,25
P04_107_62556.jpg,dough,25
P04_107_62778.jpg,dough,25
P04_107_62960.jpg,dough,25
P04_107_62990.jpg,dough,25
P04_107_63356.jpg,dough,25
P04_107_63509.jpg,dough,25
P04_107_63538.jpg,dough,25
P04_107_951.jpg,dough,25
P04_107_63746.jpg,dough,25
P04_107_63799.jpg,dough,25
P04_107_64001.jpg,dough,25
P04_107_64065.jpg,dough,25
P04_107_64161.jpg,dough,25
P04_107_64245.jpg,dough,25
P04_107_64243.jpg,dough,25
P04_107_64265.jpg,dough,25
P04_107_64447.jpg,dough,25
P04_107_64508.jpg,dough,25
P04_107_64591.jpg,dough,25
P04_107_64870.jpg,dough,25
P04_107_65068.jpg,dough,25
P04_107_65143.jpg,dough,25
P04_107_65197.jpg,dough,25
P04_107_65317.jpg,dough,25
P04_107_65420.jpg,dough,25
P04_107_65470.jpg,dough,25
P04_107_65533.jpg,dough,25
P04_107_65492.jpg,dough,25
P04_107_65524.jpg,dough,25
P04_107_65692.jpg,dough,25
P04_107_65813.jpg,dough,25
P04_107_65897.jpg,dough,25
P04_107_65912.jpg,dough,25
P04_107_65947.jpg,dough,25
P04_107_66122.jpg,dough,25
P04_107_66125.jpg,dough,25
P04_107_66151.jpg,dough,25
P04_107_66162.jpg,dough,25
P04_107_66493.jpg,dough,25
P04_107_66552.jpg,dough,25
P04_107_66673.jpg,dough,25
P04_107_66689.jpg,dough,25
P04_107_66817.jpg,dough,25
P04_107_66979.jpg,dough,25
P04_107_67036.jpg,dough,25
P04_107_67174.jpg,dough,25
P04_107_67277.jpg,dough,25
P04_107_67358.jpg,dough,25
P04_107_67358.jpg,hand,11
P04_107_67348.jpg,dough,25
P04_107_67535.jpg,dough,25
P04_107_67716.jpg,dough,25
P04_107_67789.jpg,dough,25
P04_107_67827.jpg,dough,25
P04_107_67965.jpg,dough,25
P04_107_67949.jpg,dough,25
P04_107_68112.jpg,dough,25
P04_107_68289.jpg,dough,25
P04_107_68344.jpg,dough,25
P04_107_68533.jpg,dough,25
P04_107_68605.jpg,dough,25
P04_107_68839.jpg,dough,25
P04_107_69121.jpg,dough,25
P04_107_69230.jpg,dough,25
P04_107_69408.jpg,dough,25
P04_107_69440.jpg,dough,25
P04_107_69665.jpg,dough,25
P04_107_69850.jpg,dough,25
P04_107_69885.jpg,dough,25
P04_107_69950.jpg,dough,25
P04_107_70002.jpg,dough,25
P04_107_70165.jpg,dough,25
P04_107_70305.jpg,dough,25
P04_107_1050.jpg,dough,25
P04_107_70351.jpg,dough,25
P04_107_70560.jpg,drawer,8
P04_107_70673.jpg,drawer,8
P04_107_71831.jpg,spoon,1
P04_107_72138.jpg,cupboard,3
P04_107_72323.jpg,spoon,1
P04_107_73804.jpg,spoon,1
P04_121_18496.jpg,tap,0
P04_121_19272.jpg,lid,6
P04_121_1763.jpg,knife,4
P04_121_1838.jpg,knife,4
P04_121_20360.jpg,spoon,1
P04_121_20451.jpg,spoon,1
P04_121_2202.jpg,knife,4
P04_121_20539.jpg,spoon,1
P04_121_20740.jpg,drawer,8
P04_121_20770.jpg,drawer,8
P04_121_20815.jpg,drawer,8
P04_121_20888.jpg,spoon,1
P04_121_20902.jpg,drawer,8
P04_121_2595.jpg,knife,4
P04_121_21817.jpg,glass,10
P04_121_2727.jpg,spatula,20
P04_121_2727.jpg,pan,5
P04_121_2956.jpg,knife,4
P04_121_23170.jpg,lid,6
P04_121_23385.jpg,tap,0
P04_121_6417.jpg,knife,4
P04_121_23638.jpg,sponge,9
P04_121_23685.jpg,sponge,9
P04_121_23754.jpg,sponge,9
P04_121_23828.jpg,sponge,9
P04_121_23881.jpg,sponge,9
P04_121_24166.jpg,sponge,9
P04_121_24202.jpg,sponge,9
P04_121_6451.jpg,spatula,20
P04_121_24557.jpg,tap,0
P04_121_24608.jpg,tap,0
P04_121_25282.jpg,spatula,20
P04_121_25620.jpg,pan,5
P04_121_25620.jpg,spatula,20
P04_121_25620.jpg,spatula,20
P04_121_7602.jpg,spatula,20
P04_121_26249.jpg,cupboard,3
P04_121_26319.jpg,cupboard,3
P04_121_26396.jpg,cupboard,3
P04_121_26829.jpg,fridge,12
P04_121_26867.jpg,fridge,12
P04_121_27129.jpg,bowl,7
P04_121_406.jpg,spatula,20
P04_121_7901.jpg,spatula,20
P04_121_27342.jpg,bowl,7
P04_121_27566.jpg,dough,25
P04_121_27566.jpg,bowl,7
P04_121_27614.jpg,dough,25
P04_121_27735.jpg,tap,0
P04_121_7928.jpg,knife,4
P04_121_27852.jpg,bowl,7
P04_121_28287.jpg,spatula,20
P04_121_29644.jpg,pan,5
P04_121_29644.jpg,spatula,20
P04_121_29729.jpg,spatula,20
P04_121_29868.jpg,tap,0
P04_121_29903.jpg,bowl,7
P04_121_29926.jpg,bowl,7
P04_121_30183.jpg,tap,0
P04_121_30310.jpg,bowl,7
P04_121_30302.jpg,sponge,9
P04_121_30363.jpg,sponge,9
P04_121_30466.jpg,tap,0
P04_121_30542.jpg,tap,0
P04_121_8073.jpg,spatula,20
P04_121_30641.jpg,bowl,7
P04_121_30808.jpg,bowl,7
P04_121_30822.jpg,tap,0
P04_121_30952.jpg,bowl,7
P04_121_31019.jpg,bowl,7
P04_121_31019.jpg,tap,0
P04_121_32069.jpg,bowl,7
P04_121_32069.jpg,tap,0
P04_121_32574.jpg,bowl,7
P04_121_32574.jpg,tap,0
P04_121_32890.jpg,bowl,7
P04_121_32927.jpg,tap,0
P04_121_8131.jpg,spatula,20
P04_121_32972.jpg,tap,0
P04_121_33027.jpg,tap,0
P04_121_33078.jpg,bowl,7
P04_121_34139.jpg,bowl,7
P04_121_34216.jpg,bowl,7
P04_121_34255.jpg,bowl,7
P04_121_34650.jpg,bowl,7
P04_121_34535.jpg,tap,0
P04_121_34591.jpg,bowl,7
P04_121_34591.jpg,tap,0
P04_121_34686.jpg,hand,11
P04_121_34798.jpg,hand,11
P04_121_34918.jpg,pan,5
P04_121_34986.jpg,spatula,20
P04_121_35141.jpg,pan,5
P04_121_35141.jpg,spatula,20
P04_121_35632.jpg,pan,5
P04_121_35632.jpg,spatula,20
P04_121_36417.jpg,spatula,20
P04_121_36635.jpg,pan,5
P04_121_36835.jpg,bowl,7
P04_121_36802.jpg,bowl,7
P04_121_36946.jpg,bowl,7
P04_121_37029.jpg,bowl,7
P04_121_8519.jpg,knife,4
P04_121_37566.jpg,bowl,7
P04_121_37633.jpg,bowl,7
P04_121_37633.jpg,tap,0
P04_121_37937.jpg,bowl,7
P04_121_37937.jpg,tap,0
P04_121_38110.jpg,bowl,7
P04_121_38110.jpg,tap,0
P04_121_38081.jpg,sponge,9
P04_121_38369.jpg,bowl,7
P04_121_38369.jpg,sponge,9
P04_121_38358.jpg,bowl,7
P04_121_38486.jpg,dough,25
P04_121_38486.jpg,sponge,9
P04_121_38461.jpg,bowl,7
P04_121_8743.jpg,knife,4
P04_121_38606.jpg,sponge,9
P04_121_38648.jpg,bowl,7
P04_121_38648.jpg,sponge,9
P04_121_38662.jpg,dough,25
P04_121_38662.jpg,bowl,7
P04_121_38888.jpg,dough,25
P04_121_38888.jpg,bowl,7
P04_121_38989.jpg,dough,25
P04_121_38989.jpg,bowl,7
P04_121_39385.jpg,bowl,7
P04_121_39385.jpg,sponge,9
P04_121_39555.jpg,dough,25
P04_121_39555.jpg,bowl,7
P04_121_39581.jpg,bowl,7
P04_121_39663.jpg,bowl,7
P04_121_39663.jpg,tap,0
P04_121_39692.jpg,bowl,7
P04_121_39692.jpg,sponge,9
P04_121_8830.jpg,tap,0
P04_121_39714.jpg,bowl,7
P04_121_39732.jpg,sponge,9
P04_121_39954.jpg,bowl,7
P04_121_39969.jpg,bowl,7
P04_121_40044.jpg,bowl,7
P04_121_40533.jpg,bowl,7
P04_121_41307.jpg,bowl,7
P04_121_41345.jpg,bowl,7
P04_121_41345.jpg,tap,0
P04_121_41386.jpg,bowl,7
P04_121_8857.jpg,knife,4
P04_121_41415.jpg,bowl,7
P04_121_41507.jpg,bowl,7
P04_121_41752.jpg,dough,25
P04_121_41752.jpg,bowl,7
P04_121_41850.jpg,bowl,7
P04_121_42131.jpg,dough,25
P04_121_42131.jpg,bowl,7
P04_121_42290.jpg,bowl,7
P04_121_42264.jpg,bowl,7
P04_121_42457.jpg,bowl,7
P04_121_8868.jpg,tap,0
P04_121_42520.jpg,bowl,7
P04_121_42520.jpg,sponge,9
P04_121_42536.jpg,sponge,9
P04_121_42599.jpg,sponge,9
P04_121_42664.jpg,bowl,7
P04_121_42664.jpg,sponge,9
P04_121_42745.jpg,bowl,7
P04_121_43182.jpg,bowl,7
P04_121_43182.jpg,sponge,9
P04_121_43251.jpg,dough,25
P04_121_43251.jpg,bowl,7
P04_121_43561.jpg,bowl,7
P04_121_43561.jpg,sponge,9
P04_121_43667.jpg,dough,25
P04_121_43667.jpg,bowl,7
P04_121_43681.jpg,sponge,9
P04_121_8896.jpg,knife,4
P04_121_43938.jpg,bowl,7
P04_121_43938.jpg,tap,0
P04_121_43996.jpg,bowl,7
P04_121_44099.jpg,tap,0
P04_121_44147.jpg,tap,0
P04_121_44320.jpg,bowl,7
P04_121_44630.jpg,bowl,7
P04_121_44705.jpg,bowl,7
P04_121_45138.jpg,bowl,7
P04_121_9086.jpg,knife,4
P04_121_45197.jpg,bowl,7
P04_121_45943.jpg,pan,5
P04_121_46072.jpg,spatula,20
P04_121_46271.jpg,spatula,20
P04_121_9401.jpg,knife,4
P04_121_46421.jpg,spatula,20
P04_121_46460.jpg,bowl,7
P04_121_46535.jpg,bowl,7
P04_121_46597.jpg,bowl,7
P04_121_46847.jpg,spatula,20
P04_121_47084.jpg,spatula,20
P04_121_9573.jpg,knife,4
P04_121_9573.jpg,drawer,8
P04_121_47589.jpg,bowl,7
P04_121_47705.jpg,spatula,20
P04_121_47829.jpg,spatula,20
P04_121_47857.jpg,bowl,7
P04_121_48217.jpg,bowl,7
P04_121_48674.jpg,bowl,7
P04_121_48884.jpg,spatula,20
P04_121_48967.jpg,bowl,7
P04_121_49109.jpg,spatula,20
P04_121_49154.jpg,bowl,7
P04_121_49312.jpg,spatula,20
P04_121_49367.jpg,bowl,7
P04_121_49507.jpg,spatula,20
P04_121_49657.jpg,bowl,7
P04_121_49862.jpg,spatula,20
P04_121_49911.jpg,bowl,7
P04_121_49912.jpg,spatula,20
P04_121_49989.jpg,bowl,7
P04_121_50151.jpg,spatula,20
P04_121_50246.jpg,bowl,7
P04_121_50883.jpg,bowl,7
P04_121_51134.jpg,spatula,20
P04_121_51414.jpg,bowl,7
P04_121_51445.jpg,bowl,7
P04_121_51532.jpg,spatula,20
P04_121_51655.jpg,bowl,7
P04_121_51687.jpg,spatula,20
P04_121_51748.jpg,spatula,20
P04_121_52104.jpg,bowl,7
P04_121_52206.jpg,bowl,7
P04_121_52312.jpg,spatula,20
P04_121_52431.jpg,bowl,7
P04_121_53379.jpg,bowl,7
P04_121_53567.jpg,bowl,7
P04_121_617.jpg,spatula,20
P04_121_54796.jpg,tap,0
P04_121_54837.jpg,tap,0
P04_121_54880.jpg,tap,0
P04_121_55439.jpg,tap,0
P04_121_55474.jpg,tap,0
P04_121_56430.jpg,bowl,7
P04_121_56481.jpg,bowl,7
P04_121_57114.jpg,pan,5
P04_121_57511.jpg,bowl,7
P04_121_57644.jpg,bowl,7
P04_121_57587.jpg,bowl,7
P04_121_57830.jpg,hand,11
P04_121_10425.jpg,spatula,20
P04_121_58016.jpg,pan,5
P04_121_58091.jpg,bowl,7
P04_121_58292.jpg,bowl,7
P04_121_58436.jpg,pan,5
P04_121_58652.jpg,bowl,7
P04_121_58915.jpg,bowl,7
P04_121_58922.jpg,bowl,7
P04_121_10564.jpg,spatula,20
P04_121_59019.jpg,bowl,7
P04_121_59733.jpg,bowl,7
P04_121_59814.jpg,pan,5
P04_121_59887.jpg,bowl,7
P04_121_59961.jpg,bowl,7
P04_121_10644.jpg,spatula,20
P04_121_60086.jpg,bowl,7
P04_121_60190.jpg,pan,5
P04_121_60270.jpg,bowl,7
P04_121_60308.jpg,bowl,7
P04_121_62176.jpg,bowl,7
P04_121_62227.jpg,pan,5
P04_121_62291.jpg,bowl,7
P04_121_62330.jpg,bowl,7
P04_121_11362.jpg,spatula,20
P04_121_1009.jpg,spatula,20
P04_121_64282.jpg,bowl,7
P04_121_64343.jpg,pan,5
P04_121_64384.jpg,bowl,7
P04_121_64414.jpg,bowl,7
P04_121_11522.jpg,spatula,20
P04_121_64464.jpg,bowl,7
P04_121_64671.jpg,bowl,7
P04_121_11613.jpg,spatula,20
P04_121_65695.jpg,drawer,8
P04_121_11736.jpg,spatula,20
P04_121_65954.jpg,spoon,1
P04_121_65998.jpg,drawer,8
P04_121_12741.jpg,pan,5
P04_121_12741.jpg,spatula,20
P04_121_67149.jpg,spoon,1
P04_121_12834.jpg,spatula,20
P04_121_67417.jpg,bowl,7
P04_121_67537.jpg,bowl,7
P04_121_67610.jpg,spoon,1
P04_121_68163.jpg,bowl,7
P04_121_68322.jpg,bowl,7
P04_121_68322.jpg,pan,5
P04_121_68410.jpg,bowl,7
P04_121_68434.jpg,bowl,7
P04_121_68511.jpg,bowl,7
P04_121_68511.jpg,pan,5
P04_121_68586.jpg,bowl,7
P04_121_13266.jpg,hand,11
P04_121_13394.jpg,hand,11
P04_121_70737.jpg,bowl,7
P04_121_70813.jpg,bowl,7
P04_121_70813.jpg,pan,5
P04_121_70886.jpg,bowl,7
P04_121_14666.jpg,spatula,20
P04_121_76063.jpg,bowl,7
P04_121_76137.jpg,bowl,7
P04_121_76337.jpg,bowl,7
P04_121_76405.jpg,tap,0
P04_121_76487.jpg,bowl,7
P04_121_14844.jpg,spatula,20
P04_121_77916.jpg,bowl,7
P04_121_77992.jpg,tap,0
P04_121_78135.jpg,bowl,7
P04_121_78135.jpg,tap,0
P04_121_14929.jpg,spatula,20
P04_121_78399.jpg,tap,0
P04_121_78825.jpg,tap,0
P04_121_78871.jpg,tap,0
P04_121_78968.jpg,bowl,7
P04_121_15115.jpg,spatula,20
P04_121_79639.jpg,bowl,7
P04_121_79921.jpg,bowl,7
P04_121_80143.jpg,bowl,7
P04_121_15129.jpg,spatula,20
P04_121_80374.jpg,bowl,7
P04_121_80501.jpg,bowl,7
P04_121_15649.jpg,pan,5
P04_121_15649.jpg,spatula,20
P04_121_80968.jpg,bowl,7
P04_121_81127.jpg,bowl,7
P04_121_81333.jpg,bowl,7
P04_121_81403.jpg,tap,0
P04_121_15666.jpg,spatula,20
P04_121_81652.jpg,tap,0
P04_121_82941.jpg,spatula,20
P04_121_83115.jpg,pan,5
P04_121_83342.jpg,pan,5
P04_121_1368.jpg,spatula,20
P04_121_83389.jpg,spatula,20
P04_121_83389.jpg,pan,5
P04_121_83470.jpg,pan,5
P04_121_83638.jpg,tap,0
P04_121_83851.jpg,tap,0
P04_121_84225.jpg,hand,11
P04_121_1442.jpg,spatula,20
P04_121_17472.jpg,knife,4
P04_121_17547.jpg,knife,4
P04_121_1605.jpg,drawer,8
P04_121_17770.jpg,tap,0
P04_121_17845.jpg,sponge,9
P04_121_17945.jpg,sponge,9
P04_121_17977.jpg,sponge,9
P04_121_18147.jpg,sponge,9
P02_109_250.jpg,knife,4
P02_109_351.jpg,knife,4
P02_109_2075.jpg,onion,16
P02_109_25031.jpg,knife,4
P02_109_25085.jpg,pan,5
P02_109_26069.jpg,onion,16
P02_109_26069.jpg,pan,5
P02_109_26109.jpg,pan,5
P02_109_26139.jpg,knife,4
P02_109_27106.jpg,meat,28
P02_109_27188.jpg,knife,4
P02_109_28604.jpg,onion,16
P02_109_28604.jpg,pan,5
P02_109_29446.jpg,pan,5
P02_109_29987.jpg,onion,16
P02_109_2633.jpg,onion,16
P02_109_2791.jpg,onion,16
P02_109_31566.jpg,pan,5
P02_109_31802.jpg,onion,16
P02_109_31802.jpg,pan,5
P02_109_31943.jpg,meat,28
P02_109_32077.jpg,meat,28
P02_109_32077.jpg,pan,5
P02_109_32172.jpg,meat,28
P02_109_32311.jpg,meat,28
P02_109_32311.jpg,pan,5
P02_109_32452.jpg,meat,28
P02_109_2988.jpg,knife,4
P02_109_32551.jpg,meat,28
P02_109_32701.jpg,meat,28
P02_109_32863.jpg,meat,28
P02_109_32964.jpg,meat,28
P02_109_33038.jpg,meat,28
P02_109_33121.jpg,meat,28
P02_109_33252.jpg,meat,28
P02_109_33416.jpg,pan,5
P02_109_33743.jpg,meat,28
P02_109_33743.jpg,pan,5
P02_109_3438.jpg,onion,16
P02_109_34004.jpg,meat,28
P02_109_34004.jpg,pan,5
P02_109_37763.jpg,meat,28
P02_109_37763.jpg,pan,5
P02_109_41845.jpg,meat,28
P02_109_41845.jpg,pan,5
P02_109_41894.jpg,lid,6
P02_109_42008.jpg,pan,5
P02_109_42008.jpg,lid,6
P02_109_3509.jpg,onion,16
P02_109_43064.jpg,tap,0
P02_109_3518.jpg,onion,16
P02_109_44072.jpg,tap,0
P02_109_3854.jpg,onion,16
P02_109_44872.jpg,tap,0
P02_109_44959.jpg,tap,0
P02_109_45126.jpg,hand,11
P02_109_4086.jpg,onion,16
P02_109_429.jpg,tap,0
P02_109_4359.jpg,onion,16
P02_109_5119.jpg,onion,16
P02_109_5285.jpg,onion,16
P02_109_5871.jpg,onion,16
P02_109_6573.jpg,onion,16
P02_109_7097.jpg,onion,16
P02_109_7298.jpg,onion,16
P02_109_7813.jpg,onion,16
P02_109_16066.jpg,onion,16
P02_109_16105.jpg,knife,4
P02_109_16360.jpg,cupboard,3
P02_109_16649.jpg,pan,5
P02_109_16725.jpg,pan,5
P02_109_16821.jpg,cupboard,3
P02_109_17020.jpg,cupboard,3
P02_109_17127.jpg,cupboard,3
P02_109_17410.jpg,pan,5
P02_109_906.jpg,tap,0
P02_109_17972.jpg,fridge,12
P02_109_18030.jpg,meat,28
P02_109_18620.jpg,meat,28
P02_109_1104.jpg,hand,11
P02_109_19199.jpg,knife,4
P02_109_19801.jpg,onion,16
P02_109_19801.jpg,pan,5
P02_109_20264.jpg,drawer,8
P02_109_20547.jpg,drawer,8
P02_109_20681.jpg,pan,5
P02_109_22556.jpg,onion,16
P02_109_22556.jpg,pan,5
P02_109_23077.jpg,knife,4
P02_109_23688.jpg,knife,4
P22_117_158.jpg,drawer,8
P22_117_223.jpg,pan,5
P22_117_11242.jpg,container,21
P22_117_11296.jpg,container,21
P22_117_11364.jpg,lid,6
P22_117_11615.jpg,lid,6
P22_117_11674.jpg,lid,6
P22_117_11742.jpg,lid,6
P22_117_11897.jpg,lid,6
P22_117_11905.jpg,container,21
P22_117_12030.jpg,lid,6
P22_117_11964.jpg,container,21
P22_117_12209.jpg,container,21
P22_117_12268.jpg,container,21
P22_117_12616.jpg,tap,0
P22_117_12687.jpg,cloth,17
P22_117_12838.jpg,hand,11
P22_117_12893.jpg,cloth,17
P22_117_12953.jpg,drawer,8
P22_117_13259.jpg,cupboard,3
P22_117_13322.jpg,fridge,12
P22_117_13385.jpg,drawer,8
P22_117_13583.jpg,drawer,8
P22_117_13707.jpg,fridge,12
P22_117_13744.jpg,cupboard,3
P22_117_13904.jpg,tap,0
P22_117_14136.jpg,tap,0
P22_117_14292.jpg,knife,4
P22_117_14577.jpg,knife,4
P22_117_14637.jpg,drawer,8
P22_117_15221.jpg,drawer,8
P22_117_1195.jpg,bowl,7
P22_117_17521.jpg,tap,0
P22_117_17711.jpg,tap,0
P22_117_1265.jpg,bowl,7
P22_117_18875.jpg,tap,0
P22_117_18954.jpg,hand,11
P22_117_18979.jpg,tap,0
P22_117_19007.jpg,hand,11
P22_117_19032.jpg,cloth,17
P22_117_1340.jpg,spatula,20
P22_117_19139.jpg,hand,11
P22_117_19182.jpg,cloth,17
P22_117_19274.jpg,knife,4
P22_117_21158.jpg,knife,4
P22_117_21339.jpg,tap,0
P22_117_1385.jpg,drawer,8
P22_117_21422.jpg,tap,0
P22_117_21699.jpg,knife,4
P22_117_1425.jpg,spatula,20
P22_117_23659.jpg,knife,4
P22_117_23698.jpg,tap,0
P22_117_23743.jpg,hand,11
P22_117_23759.jpg,tap,0
P22_117_23791.jpg,hand,11
P22_117_23836.jpg,cloth,17
P22_117_23900.jpg,hand,11
P22_117_23949.jpg,cloth,17
P22_117_24029.jpg,drawer,8
P22_117_24165.jpg,pan,5
P22_117_24608.jpg,pan,5
P22_117_290.jpg,pan,5
P22_117_24682.jpg,drawer,8
P22_117_24901.jpg,pan,5
P22_117_26587.jpg,knife,4
P22_117_26857.jpg,onion,16
P22_117_27424.jpg,onion,16
P22_117_27141.jpg,onion,16
P22_117_27391.jpg,onion,16
P22_117_27424.jpg,knife,4
P22_117_27558.jpg,knife,4
P22_117_28046.jpg,onion,16
P22_117_28100.jpg,knife,4
P22_117_28282.jpg,onion,16
P22_117_28351.jpg,onion,16
P22_117_28424.jpg,knife,4
P22_117_28445.jpg,onion,16
P22_117_28995.jpg,onion,16
P22_117_29030.jpg,knife,4
P22_117_29084.jpg,onion,16
P22_117_29148.jpg,onion,16
P22_117_29302.jpg,onion,16
P22_117_29426.jpg,onion,16
P22_117_29486.jpg,tap,0
P22_117_29541.jpg,hand,11
P22_117_29552.jpg,tap,0
P22_117_29577.jpg,hand,11
P22_117_29607.jpg,cloth,17
P22_117_29701.jpg,hand,11
P22_117_29757.jpg,cloth,17
P22_117_29798.jpg,cupboard,3
P22_117_29832.jpg,glass,10
P22_117_29903.jpg,tap,0
P22_117_29936.jpg,glass,10
P22_117_30010.jpg,tap,0
P22_117_30107.jpg,glass,10
P22_117_2030.jpg,cupboard,3
P22_117_30164.jpg,drawer,8
P22_117_30371.jpg,spatula,20
P22_117_30399.jpg,drawer,8
P22_117_31059.jpg,spatula,20
P22_117_31101.jpg,glass,10
P22_117_31257.jpg,glass,10
P22_117_31293.jpg,spatula,20
P22_117_31581.jpg,spatula,20
P22_117_32125.jpg,lid,6
P22_117_32183.jpg,lid,6
P22_117_2177.jpg,cupboard,3
P22_117_32330.jpg,tap,0
P22_117_32385.jpg,hand,11
P22_117_32406.jpg,tap,0
P22_117_32425.jpg,hand,11
P22_117_32450.jpg,cloth,17
P22_117_32561.jpg,hand,11
P22_117_32622.jpg,cloth,17
P22_117_2213.jpg,tap,0
P22_117_32823.jpg,cupboard,3
P22_117_32906.jpg,cupboard,3
P22_117_33378.jpg,cupboard,3
P22_117_33504.jpg,cupboard,3
P22_117_33547.jpg,bowl,7
P22_117_2257.jpg,hand,11
P22_117_33596.jpg,bowl,7
P22_117_33729.jpg,bowl,7
P22_117_33823.jpg,bowl,7
P22_117_360.jpg,lid,6
P22_117_2301.jpg,tap,0
P22_117_35314.jpg,cupboard,3
P22_117_35406.jpg,cupboard,3
P22_117_35502.jpg,bowl,7
P22_117_2334.jpg,hand,11
P22_117_35685.jpg,spatula,20
P22_117_36650.jpg,spatula,20
P22_117_36764.jpg,tap,0
P22_117_36816.jpg,sponge,9
P22_117_36894.jpg,sponge,9
P22_117_36937.jpg,sponge,9
P22_117_2368.jpg,cloth,17
P22_117_37005.jpg,sponge,9
P22_117_37027.jpg,tap,0
P22_117_37411.jpg,tap,0
P22_117_37459.jpg,tap,0
P22_117_37755.jpg,sponge,9
P22_117_37780.jpg,tap,0
P22_117_2503.jpg,hand,11
P22_117_38411.jpg,tap,0
P22_117_38437.jpg,sponge,9
P22_117_38607.jpg,knife,4
P22_117_38697.jpg,knife,4
P22_117_38715.jpg,sponge,9
P22_117_38723.jpg,tap,0
P22_117_38838.jpg,knife,4
P22_117_2572.jpg,cloth,17
P22_117_38888.jpg,knife,4
P22_117_39127.jpg,hand,11
P22_117_39131.jpg,tap,0
P22_117_39161.jpg,hand,11
P22_117_39190.jpg,cloth,17
P22_117_39275.jpg,hand,11
P22_117_39440.jpg,cloth,17
P22_117_2655.jpg,drawer,8
P22_117_39505.jpg,cloth,17
P22_117_39525.jpg,tap,0
P22_117_39577.jpg,cloth,17
P22_117_39605.jpg,tap,0
P22_117_39682.jpg,cloth,17
P22_117_40266.jpg,glass,10
P22_117_40324.jpg,tap,0
P22_117_40372.jpg,glass,10
P22_117_40448.jpg,tap,0
P22_117_40638.jpg,glass,10
P22_117_40710.jpg,spatula,20
P22_117_41085.jpg,spatula,20
P22_117_3147.jpg,drawer,8
P22_117_41522.jpg,spatula,20
P22_117_41925.jpg,drawer,8
P22_117_42110.jpg,drawer,8
P22_117_42315.jpg,cloth,17
P22_117_42721.jpg,tap,0
P22_117_42874.jpg,cloth,17
P22_117_42901.jpg,tap,0
P22_117_42969.jpg,cloth,17
P22_117_43043.jpg,cloth,17
P22_117_43079.jpg,tap,0
P22_117_43142.jpg,hand,11
P22_117_43153.jpg,tap,0
P22_117_43186.jpg,hand,11
P22_117_43224.jpg,cloth,17
P22_117_3364.jpg,cupboard,3
P22_117_43452.jpg,hand,11
P22_117_43488.jpg,cloth,17
P22_117_43824.jpg,drawer,8
P22_117_43887.jpg,fork,14
P22_117_43989.jpg,spoon,1
P22_117_44018.jpg,fork,14
P22_117_44073.jpg,drawer,8
P22_117_44160.jpg,spoon,1
P22_117_420.jpg,lid,6
P22_117_3429.jpg,fridge,12
P22_117_44300.jpg,cupboard,3
P22_117_44558.jpg,plate,2
P22_117_44624.jpg,cupboard,3
P22_117_44747.jpg,plate,2
P22_117_44804.jpg,lid,6
P22_117_45022.jpg,lid,6
P22_117_3501.jpg,container,21
P22_117_46022.jpg,plate,2
P22_117_46164.jpg,plate,2
P22_117_46383.jpg,tap,0
P22_117_46437.jpg,tap,0
P22_117_46572.jpg,tap,0
P22_117_3560.jpg,fridge,12
P22_117_47117.jpg,tap,0
P22_117_47144.jpg,cupboard,3
P22_117_47190.jpg,glass,10
P22_117_47345.jpg,glass,10
P22_117_47386.jpg,cupboard,3
P22_117_47445.jpg,fridge,12
P22_117_47577.jpg,fridge,12
P22_117_47631.jpg,cupboard,3
P22_117_3725.jpg,container,21
P22_117_47872.jpg,spatula,20
P22_117_48140.jpg,spatula,20
P22_117_48175.jpg,glass,10
P22_117_48250.jpg,tap,0
P22_117_48342.jpg,glass,10
P22_117_48360.jpg,tap,0
P22_117_48457.jpg,glass,10
P22_117_3761.jpg,lid,6
P22_117_3851.jpg,drawer,8
P22_117_3940.jpg,drawer,8
P22_117_4023.jpg,container,21
P22_117_488.jpg,drawer,8
P22_117_4862.jpg,lid,6
P22_117_5475.jpg,drawer,8
P22_117_5536.jpg,lid,6
P22_117_5581.jpg,drawer,8
P22_117_5714.jpg,lid,6
P22_117_5771.jpg,lid,6
P22_117_5771.jpg,container,21
P22_117_5939.jpg,lid,6
P22_117_5939.jpg,container,21
P22_117_548.jpg,plate,2
P22_117_6244.jpg,container,21
P22_117_6350.jpg,container,21
P22_117_6442.jpg,spoon,1
P22_117_6525.jpg,cupboard,3
P22_117_6630.jpg,cupboard,3
P22_117_7311.jpg,tap,0
P22_117_590.jpg,cupboard,3
P22_117_7414.jpg,sponge,9
P22_117_7448.jpg,sponge,9
P22_117_7563.jpg,sponge,9
P22_117_7613.jpg,sponge,9
P22_117_7636.jpg,tap,0
P22_117_7735.jpg,spoon,1
P22_117_7883.jpg,spoon,1
P22_117_7911.jpg,spoon,1
P22_117_735.jpg,plate,2
P22_117_8329.jpg,container,21
P22_117_8349.jpg,tap,0
P22_117_8633.jpg,container,21
P22_117_8660.jpg,container,21
P22_117_8709.jpg,container,21
P22_117_8773.jpg,lid,6
P22_117_8915.jpg,lid,6
P22_117_8950.jpg,lid,6
P22_117_9177.jpg,container,21
P22_117_771.jpg,cupboard,3
P22_117_9226.jpg,tap,0
P22_117_9313.jpg,lid,6
P22_117_9406.jpg,lid,6
P22_117_9716.jpg,lid,6
P22_117_9758.jpg,tap,0
P22_117_9769.jpg,container,21
P22_117_9988.jpg,container,21
P22_117_10481.jpg,sponge,9
P22_117_10532.jpg,tap,0
P22_117_10547.jpg,tap,0
